Sujatha,999,Vizag Public School,Vizag,Sujatha@gmail.com
Mamidi,789,Bangalore Public School,Bangalore,Mamidi@gmail.com
Eswara,578,Vizag Public School,Vizag,Eswara@gmail.com
Krishna,897,Chennai Public School,Chennai,Krishna@gmail.com
Prasad,765,Vizag Public School,Vizag,Prasad@gmail.com
Jujjavae,801,Kochi Public School,Kochi,jujjavae@gmail.com
Samba,921,Pune Public School,Pune,Samba@gmail.com
Kamesh,897,Vizag Public School,Vizag,Kamesh@gmail.com
Kishore,765,Vizag Public School,Vizag,Kishore@gmail.com
Praveen,678,Delhi Public School,Delhi,Praveen@gmail.com
Suresh,798,Delhi Public School,Delhi,Suresh@gmail.com
Swetha,834,Goa Public School,Goa,Swetha@gmail.com
Vani,765,Goa Public School,Goa,Vani@gmail.com
Saji,732,Lucknow Public School,Lucknow,Saji@gmail.com
Usha,654,Lucknow Public School,Lucknow,Usha@gmail.com
Rani,543,Lucknow Public School,Lucknow,Rani@gmail.com
Jaya,878,Vizag Public School,Vizag,Jaya@gmail.com
Shree,988,Lucknow Public School,Lucknow,Shree@gmail.com
Bindu,888,Vizag Public School,Vizag,Bindu@gmail.com
Hema,777,Pune Public School,Pune,Hema@gmail.com